[{"id":"2380391","nome":"888 Speed Auto Roulette","numero_recente":18,"terminais":[4,7,8],"terminais_display":"4,7,8","updated_at":"2025-03-06T08:27:04.072692+00:00"},{"id":"2380392","nome":"888 Auto Roulette","numero_recente":8,"terminais":[4,7,8],"terminais_display":"4,7,8","updated_at":"2025-03-06T08:27:03.97848+00:00"},{"id":"2380373","nome":"Fortune Roulette","numero_recente":0,"terminais":[3,6,10],"terminais_display":"3,6,10","updated_at":"2025-03-06T08:27:03.882916+00:00"},{"id":"2380125","nome":"888 Rooftop Roulette","numero_recente":26,"terminais":[3,6,9],"terminais_display":"3,6,9","updated_at":"2025-03-06T08:27:03.772607+00:00"},{"id":"2010033","nome":"Lightning Roulette","numero_recente":17,"terminais":[4,7,8],"terminais_display":"4,7,8","updated_at":"2025-03-06T08:27:03.66201+00:00"},{"id":"2010582","nome":"Vegas Sports Roulette","numero_recente":14,"terminais":[4,7,8],"terminais_display":"4,7,8","updated_at":"2025-03-06T08:27:03.568044+00:00"},{"id":"2010165","nome":"Roulette","numero_recente":6,"terminais":[3,6,9],"terminais_display":"3,6,9","updated_at":"2025-03-06T08:27:03.470992+00:00"}]